first_name,last_name,email,password,username
Demo,User001,demo.user001@example.com,DemoUser!2026001,demo_user_001
Demo,User002,demo.user002@example.com,DemoUser!2026002,demo_user_002
Demo,User003,demo.user003@example.com,DemoUser!2026003,demo_user_003
Demo,User004,demo.user004@example.com,DemoUser!2026004,demo_user_004
Demo,User005,demo.user005@example.com,DemoUser!2026005,demo_user_005
Demo,User006,demo.user006@example.com,DemoUser!2026006,demo_user_006
Demo,User007,demo.user007@example.com,DemoUser!2026007,demo_user_007
Demo,User008,demo.user008@example.com,DemoUser!2026008,demo_user_008
Demo,User009,demo.user009@example.com,DemoUser!2026009,demo_user_009
Demo,User010,demo.user010@example.com,DemoUser!2026010,demo_user_010
Demo,User011,demo.user011@example.com,DemoUser!2026011,demo_user_011
Demo,User012,demo.user012@example.com,DemoUser!2026012,demo_user_012
Demo,User013,demo.user013@example.com,DemoUser!2026013,demo_user_013
Demo,User014,demo.user014@example.com,DemoUser!2026014,demo_user_014
Demo,User015,demo.user015@example.com,DemoUser!2026015,demo_user_015
Demo,User016,demo.user016@example.com,DemoUser!2026016,demo_user_016
Demo,User017,demo.user017@example.com,DemoUser!2026017,demo_user_017
Demo,User018,demo.user018@example.com,DemoUser!2026018,demo_user_018
Demo,User019,demo.user019@example.com,DemoUser!2026019,demo_user_019
Demo,User020,demo.user020@example.com,DemoUser!2026020,demo_user_020
Demo,User021,demo.user021@example.com,DemoUser!2026021,demo_user_021
Demo,User022,demo.user022@example.com,DemoUser!2026022,demo_user_022
Demo,User023,demo.user023@example.com,DemoUser!2026023,demo_user_023
Demo,User024,demo.user024@example.com,DemoUser!2026024,demo_user_024
Demo,User025,demo.user025@example.com,DemoUser!2026025,demo_user_025
Demo,User026,demo.user026@example.com,DemoUser!2026026,demo_user_026
Demo,User027,demo.user027@example.com,DemoUser!2026027,demo_user_027
Demo,User028,demo.user028@example.com,DemoUser!2026028,demo_user_028
Demo,User029,demo.user029@example.com,DemoUser!2026029,demo_user_029
Demo,User030,demo.user030@example.com,DemoUser!2026030,demo_user_030
Demo,User031,demo.user031@example.com,DemoUser!2026031,demo_user_031
Demo,User032,demo.user032@example.com,DemoUser!2026032,demo_user_032
Demo,User033,demo.user033@example.com,DemoUser!2026033,demo_user_033
Demo,User034,demo.user034@example.com,DemoUser!2026034,demo_user_034
Demo,User035,demo.user035@example.com,DemoUser!2026035,demo_user_035
Demo,User036,demo.user036@example.com,DemoUser!2026036,demo_user_036
Demo,User037,demo.user037@example.com,DemoUser!2026037,demo_user_037
Demo,User038,demo.user038@example.com,DemoUser!2026038,demo_user_038
Demo,User039,demo.user039@example.com,DemoUser!2026039,demo_user_039
Demo,User040,demo.user040@example.com,DemoUser!2026040,demo_user_040
Demo,User041,demo.user041@example.com,DemoUser!2026041,demo_user_041
Demo,User042,demo.user042@example.com,DemoUser!2026042,demo_user_042
Demo,User043,demo.user043@example.com,DemoUser!2026043,demo_user_043
Demo,User044,demo.user044@example.com,DemoUser!2026044,demo_user_044
Demo,User045,demo.user045@example.com,DemoUser!2026045,demo_user_045
Demo,User046,demo.user046@example.com,DemoUser!2026046,demo_user_046
Demo,User047,demo.user047@example.com,DemoUser!2026047,demo_user_047
Demo,User048,demo.user048@example.com,DemoUser!2026048,demo_user_048
Demo,User049,demo.user049@example.com,DemoUser!2026049,demo_user_049
Demo,User050,demo.user050@example.com,DemoUser!2026050,demo_user_050
Demo,User051,demo.user051@example.com,DemoUser!2026051,demo_user_051
Demo,User052,demo.user052@example.com,DemoUser!2026052,demo_user_052
Demo,User053,demo.user053@example.com,DemoUser!2026053,demo_user_053
Demo,User054,demo.user054@example.com,DemoUser!2026054,demo_user_054
Demo,User055,demo.user055@example.com,DemoUser!2026055,demo_user_055
Demo,User056,demo.user056@example.com,DemoUser!2026056,demo_user_056
Demo,User057,demo.user057@example.com,DemoUser!2026057,demo_user_057
Demo,User058,demo.user058@example.com,DemoUser!2026058,demo_user_058
Demo,User059,demo.user059@example.com,DemoUser!2026059,demo_user_059
Demo,User060,demo.user060@example.com,DemoUser!2026060,demo_user_060
Demo,User061,demo.user061@example.com,DemoUser!2026061,demo_user_061
Demo,User062,demo.user062@example.com,DemoUser!2026062,demo_user_062
Demo,User063,demo.user063@example.com,DemoUser!2026063,demo_user_063
Demo,User064,demo.user064@example.com,DemoUser!2026064,demo_user_064
Demo,User065,demo.user065@example.com,DemoUser!2026065,demo_user_065
Demo,User066,demo.user066@example.com,DemoUser!2026066,demo_user_066
Demo,User067,demo.user067@example.com,DemoUser!2026067,demo_user_067
Demo,User068,demo.user068@example.com,DemoUser!2026068,demo_user_068
Demo,User069,demo.user069@example.com,DemoUser!2026069,demo_user_069
Demo,User070,demo.user070@example.com,DemoUser!2026070,demo_user_070
Demo,User071,demo.user071@example.com,DemoUser!2026071,demo_user_071
Demo,User072,demo.user072@example.com,DemoUser!2026072,demo_user_072
Demo,User073,demo.user073@example.com,DemoUser!2026073,demo_user_073
Demo,User074,demo.user074@example.com,DemoUser!2026074,demo_user_074
Demo,User075,demo.user075@example.com,DemoUser!2026075,demo_user_075
Demo,User076,demo.user076@example.com,DemoUser!2026076,demo_user_076
Demo,User077,demo.user077@example.com,DemoUser!2026077,demo_user_077
Demo,User078,demo.user078@example.com,DemoUser!2026078,demo_user_078
Demo,User079,demo.user079@example.com,DemoUser!2026079,demo_user_079
Demo,User080,demo.user080@example.com,DemoUser!2026080,demo_user_080
Demo,User081,demo.user081@example.com,DemoUser!2026081,demo_user_081
Demo,User082,demo.user082@example.com,DemoUser!2026082,demo_user_082
Demo,User083,demo.user083@example.com,DemoUser!2026083,demo_user_083
Demo,User084,demo.user084@example.com,DemoUser!2026084,demo_user_084
Demo,User085,demo.user085@example.com,DemoUser!2026085,demo_user_085
Demo,User086,demo.user086@example.com,DemoUser!2026086,demo_user_086
Demo,User087,demo.user087@example.com,DemoUser!2026087,demo_user_087
Demo,User088,demo.user088@example.com,DemoUser!2026088,demo_user_088
Demo,User089,demo.user089@example.com,DemoUser!2026089,demo_user_089
Demo,User090,demo.user090@example.com,DemoUser!2026090,demo_user_090
Demo,User091,demo.user091@example.com,DemoUser!2026091,demo_user_091
Demo,User092,demo.user092@example.com,DemoUser!2026092,demo_user_092
Demo,User093,demo.user093@example.com,DemoUser!2026093,demo_user_093
Demo,User094,demo.user094@example.com,DemoUser!2026094,demo_user_094
Demo,User095,demo.user095@example.com,DemoUser!2026095,demo_user_095
Demo,User096,demo.user096@example.com,DemoUser!2026096,demo_user_096
Demo,User097,demo.user097@example.com,DemoUser!2026097,demo_user_097
Demo,User098,demo.user098@example.com,DemoUser!2026098,demo_user_098
Demo,User099,demo.user099@example.com,DemoUser!2026099,demo_user_099
Demo,User100,demo.user100@example.com,DemoUser!2026100,demo_user_100
